values,mean,variance
throttle,317.59734702040197,48198.02319653694
brake,345.1000666577725,50628.74541660581
speed,59.088345374595995,807.1513579398039
revs,3546.052836860594,1645100.1127982913
gear,2.5093987468337553,0.5098770015129468
transmission_speed,2674.3691967381337,1533671.413459764
