values,mean,variance
throttle,317.59734702040197,48198.02319653694
brake,345.1000666577725,50628.74541660581
speed,59.48176834307263,752.3690429458305
revs,3602.4378485423376,1714268.6074342278
gear,2.449806692441008,0.5173113211178163
transmission_speed,2690.8481935931095,1539719.358091017
